,Sample,passed.total,passed.primary,passed.secondary,passed.supplementary,passed.duplicates,passed.primary duplicates,passed.mapped,passed.mapped %,passed.primary mapped,passed.primary mapped %,passed.paired in sequencing,passed.read1,passed.read2,passed.properly paired,passed.properly paired %,passed.with itself and mate mapped,passed.singletons,passed.singletons %,passed.with mate mapped to a different chr,passed.with mate mapped to a different chr (mapQ >= 5),failed.total,failed.primary,failed.secondary,failed.supplementary,failed.duplicates,failed.primary duplicates,failed.mapped,failed.mapped %,failed.primary mapped,failed.primary mapped %,failed.paired in sequencing,failed.read1,failed.read2,failed.properly paired,failed.properly paired %,failed.with itself and mate mapped,failed.singletons,failed.singletons %,failed.with mate mapped to a different chr,failed.with mate mapped to a different chr (mapQ >= 5)
0,FMNH-334041,168918423,168096848,0,821575,20486745,20486745,164492555,97.38,163670980,97.37,168096848,83616079,84480769,160964311,95.76,163130570,540410,0.32,1849760,1095755,0,0,0,0,0,0,0,,0,,0,0,0,0,,0,0,,0,0
1,FMNH-334039,282999962,281886676,0,1113286,31921895,31921895,277147993,97.93,276034707,97.92,281886676,140398697,141487979,271767131,96.41,275482510,552197,0.2,3152126,1484584,0,0,0,0,0,0,0,,0,,0,0,0,0,,0,0,,0,0
2,FMNH-333857,75220090,74525583,0,694507,9446569,9446569,75113959,99.86,74419452,99.86,74525583,37129141,37396442,71990137,96.6,74400119,19333,0.03,2159882,1377646,0,0,0,0,0,0,0,,0,,0,0,0,0,,0,0,,0,0
3,FMNH-333949,169824110,169213977,0,610133,28630120,28630120,167630412,98.71,167020279,98.7,169213977,84936095,84277882,164518986,97.23,166883203,137076,0.08,2022798,1103763,0,0,0,0,0,0,0,,0,,0,0,0,0,,0,0,,0,0
4,FMNH-333950,242725547,241378094,0,1347453,34943022,34943022,240840768,99.22,239493315,99.22,241378094,120000124,121377970,235297124,97.48,239320712,172603,0.07,3522770,1912745,0,0,0,0,0,0,0,,0,,0,0,0,0,,0,0,,0,0
5,FMNH-334134,67546860,66923866,0,622994,10752192,10752192,65456743,96.91,64833749,96.88,66923866,33307036,33616830,63222892,94.47,64754290,79459,0.12,1313662,777342,0,0,0,0,0,0,0,,0,,0,0,0,0,,0,0,,0,0
6,FMNH-333955,108462415,107794113,0,668302,17251933,17251933,107530487,99.14,106862185,99.14,107794113,54430389,53363724,104637085,97.07,106722355,139830,0.13,1835848,1256835,0,0,0,0,0,0,0,,0,,0,0,0,0,,0,0,,0,0
7,FMNH-333953,175532183,174919190,0,612993,28682551,28682551,174032225,99.15,173419232,99.14,174919190,87996182,86923008,170902371,97.7,173300140,119092,0.07,2036784,1107233,0,0,0,0,0,0,0,,0,,0,0,0,0,,0,0,,0,0
8,FMNH-333952,230129477,229288352,0,841125,36407133,36407133,227865368,99.02,227024243,99.01,229288352,115459020,113829332,223518811,97.48,226856204,168039,0.07,2819188,1503891,0,0,0,0,0,0,0,,0,,0,0,0,0,,0,0,,0,0
9,FMNH-333954,240515724,238531581,0,1984143,28563142,28563142,238709886,99.25,236725743,99.24,238531581,118005330,120526251,231825157,97.19,236514373,211370,0.09,4126304,2170894,0,0,0,0,0,0,0,,0,,0,0,0,0,,0,0,,0,0
10,FMNH-333951,276519664,275462785,0,1056879,31861062,31861062,271237690,98.09,270180811,98.08,275462785,137104249,138358536,266285190,96.67,269590799,590012,0.21,2773180,1416045,0,0,0,0,0,0,0,,0,,0,0,0,0,,0,0,,0,0
11,FMNH-333956,333248164,331979606,0,1268558,39014497,39014497,326593010,98.0,325324452,98.0,331979606,165451419,166528187,320544097,96.56,324659922,664530,0.2,3507428,1772850,0,0,0,0,0,0,0,,0,,0,0,0,0,,0,0,,0,0
12,FMNH-333957,157969582,157192528,0,777054,18741700,18741700,154302325,97.68,153525271,97.67,157192528,78094273,79098255,151034016,96.08,153055304,469967,0.3,1726368,987774,0,0,0,0,0,0,0,,0,,0,0,0,0,,0,0,,0,0
13,FMNH-333958,193715786,192961457,0,754329,28384040,28384040,192062911,99.15,191308582,99.14,192961457,97310461,95650996,188421511,97.65,191158059,150523,0.08,2358040,1309344,0,0,0,0,0,0,0,,0,,0,0,0,0,,0,0,,0,0
14,FMNH-333971,173842254,173145579,0,696675,26964245,26964245,172152017,99.03,171455342,99.02,173145579,87353770,85791809,168752835,97.46,171316183,139159,0.08,2212748,1284988,0,0,0,0,0,0,0,,0,,0,0,0,0,,0,0,,0,0
15,FMNH-342053,200471379,199326039,0,1145340,25835462,25835462,199247527,99.39,198102187,99.39,199326039,98430184,100895855,194209951,97.43,197961645,140542,0.07,3306482,1620069,0,0,0,0,0,0,0,,0,,0,0,0,0,,0,0,,0,0
16,FMNH-342072,74119300,73570775,0,548525,11189689,11189689,73999027,99.84,73450502,99.84,73570775,36579799,36990976,71886943,97.71,73429143,21359,0.03,1310498,732221,0,0,0,0,0,0,0,,0,,0,0,0,0,,0,0,,0,0
17,FMNH-342022,218147224,217266440,0,880784,36492802,36492802,216743613,99.36,215862829,99.35,217266440,109474224,107792216,212470554,97.79,215717280,145549,0.07,2759164,1488058,0,0,0,0,0,0,0,,0,,0,0,0,0,,0,0,,0,0
18,FMNH-343436,286082792,285057253,0,1025539,48025415,48025415,284323202,99.38,283297663,99.38,285057253,143646297,141410956,279086644,97.91,283108083,189580,0.07,3446724,1967814,0,0,0,0,0,0,0,,0,,0,0,0,0,,0,0,,0,0
19,MVZ-188706,53787875,53751987,0,35888,1237329,1237329,6605962,12.28,6570074,12.22,53751987,26966676,26785311,6341045,11.8,6421193,148881,0.28,67862,32441,0,0,0,0,0,0,0,,0,,0,0,0,0,,0,0,,0,0
20,MVZ-180498,91091038,90402472,0,688566,10838716,10838716,90897185,99.79,90208619,99.79,90402472,45063142,45339330,87756451,97.07,90181470,27149,0.03,2144136,1299108,0,0,0,0,0,0,0,,0,,0,0,0,0,,0,0,,0,0
21,MVZ-188705,75586773,75202781,0,383992,9620071,9620071,75419510,99.78,75035518,99.78,75202781,37317591,37885190,73802121,98.14,75006697,28821,0.04,1023022,529517,0,0,0,0,0,0,0,,0,,0,0,0,0,,0,0,,0,0
22,MVZ-182218,56783476,56411020,0,372456,6582113,6582113,56655252,99.77,56282796,99.77,56411020,27773135,28637885,55170505,97.8,56265720,17076,0.03,947082,513922,0,0,0,0,0,0,0,,0,,0,0,0,0,,0,0,,0,0
23,MVZ-190138,111240468,110469999,0,770469,14696898,14696898,110951654,99.74,110181185,99.74,110469999,54813727,55656272,107903808,97.68,110154013,27172,0.02,1936776,1096465,0,0,0,0,0,0,0,,0,,0,0,0,0,,0,0,,0,0
24,MVZ-190136,93474488,92796362,0,678126,11829584,11829584,93278744,99.79,92600618,99.79,92796362,46110288,46686074,90670555,97.71,92581944,18674,0.02,1654300,926881,0,0,0,0,0,0,0,,0,,0,0,0,0,,0,0,,0,0
25,MVZ-190135,98504286,97776832,0,727454,15053842,15053842,98230059,99.72,97502605,99.72,97776832,48711258,49065574,95305514,97.47,97475822,26783,0.03,1896788,1054117,0,0,0,0,0,0,0,,0,,0,0,0,0,,0,0,,0,0
26,MVZ-191252,63263889,62821919,0,441970,7401015,7401015,63170933,99.85,62728963,99.85,62821919,31157803,31664116,61406118,97.75,62707341,21622,0.03,1119912,629321,0,0,0,0,0,0,0,,0,,0,0,0,0,,0,0,,0,0
27,MVZ-195402,168896039,168043073,0,852966,22267319,22267319,168449389,99.74,167596423,99.73,168043073,83877076,84165997,164347454,97.8,167542871,53552,0.03,2753406,1496917,0,0,0,0,0,0,0,,0,,0,0,0,0,,0,0,,0,0
28,MVZ-195403,172774390,171804747,0,969643,24245393,24245393,172299134,99.72,171329491,99.72,171804747,85761500,86043247,167708910,97.62,171271817,57674,0.03,3114866,1786349,0,0,0,0,0,0,0,,0,,0,0,0,0,,0,0,,0,0
29,MVZ-195401,123586691,122915780,0,670911,16177675,16177675,123416257,99.86,122745346,99.86,122915780,61261840,61653940,120215083,97.8,122716366,28980,0.02,2163376,1193984,0,0,0,0,0,0,0,,0,,0,0,0,0,,0,0,,0,0
30,MVZ-195400,148808780,148092395,0,716385,19584782,19584782,148381807,99.71,147665422,99.71,148092395,73989939,74102456,144937578,97.87,147607147,58275,0.04,2290936,1255097,0,0,0,0,0,0,0,,0,,0,0,0,0,,0,0,,0,0
31,MVZ-195408,65934970,65266785,0,668185,8486902,8486902,65781374,99.77,65113189,99.76,65266785,32566271,32700514,62854980,96.3,65092749,20440,0.03,2014996,1319533,0,0,0,0,0,0,0,,0,,0,0,0,0,,0,0,,0,0
32,MVZ-195411,243005391,241747683,0,1257708,36159126,36159126,242224215,99.68,240966507,99.68,241747683,120753313,120994370,236197904,97.7,240887147,79360,0.03,4079214,2328705,0,0,0,0,0,0,0,,0,,0,0,0,0,,0,0,,0,0
33,MVZ-195404,125120012,124442407,0,677605,18130851,18130851,124814883,99.76,124137278,99.75,124442407,62104140,62338267,121622080,97.73,124095347,41931,0.03,2143804,1228178,0,0,0,0,0,0,0,,0,,0,0,0,0,,0,0,,0,0
34,MVZ-195406,85766894,84690740,0,1076154,11383850,11383850,85570275,99.77,84494121,99.77,84690740,42136107,42554633,80962599,95.6,84467386,26735,0.03,3196058,2114732,0,0,0,0,0,0,0,,0,,0,0,0,0,,0,0,,0,0
35,MVZ-190939,76602188,76027222,0,574966,9102649,9102649,76427944,99.77,75852978,99.77,76027222,37870012,38157210,73819547,97.1,75830448,22530,0.03,1784446,1079157,0,0,0,0,0,0,0,,0,,0,0,0,0,,0,0,,0,0
36,MVZ-190932,84523349,83888369,0,634980,10989466,10989466,84336752,99.78,83701772,99.78,83888369,41824768,42063601,81429887,97.07,83676277,25495,0.03,2001104,1228480,0,0,0,0,0,0,0,,0,,0,0,0,0,,0,0,,0,0
37,MVZ-189425,83631887,82698613,0,933274,11860562,11860562,83442247,99.77,82508973,99.77,82698613,41270725,41427888,79402972,96.01,82483261,25712,0.03,2789632,1844971,0,0,0,0,0,0,0,,0,,0,0,0,0,,0,0,,0,0
38,MVZ-193979,167991078,166993625,0,997453,20410257,20410257,166180369,98.92,165182916,98.92,166993625,83114283,83879342,162189978,97.12,165056379,126537,0.08,2514866,1165615,0,0,0,0,0,0,0,,0,,0,0,0,0,,0,0,,0,0
39,MVZ-193628,178748414,177595685,0,1152729,21390180,21390180,177049503,99.05,175896774,99.04,177595685,88175820,89419865,172371729,97.06,175760865,135909,0.08,2989372,1419258,0,0,0,0,0,0,0,,0,,0,0,0,0,,0,0,,0,0
40,MVZ-193627,348268725,346255158,0,2013567,46249693,46249693,346002721,99.35,343989154,99.35,346255158,170564249,175690909,338243331,97.69,343741258,247896,0.07,4802764,2620574,0,0,0,0,0,0,0,,0,,0,0,0,0,,0,0,,0,0
41,MVZ-193682,58531058,58185999,0,345059,7237408,7237408,58374440,99.73,58029381,99.73,58185999,28786347,29399652,56938625,97.86,58009241,20140,0.03,918516,497481,0,0,0,0,0,0,0,,0,,0,0,0,0,,0,0,,0,0
42,MVZ-193683,74589197,74098025,0,491172,10685547,10685547,74477497,99.85,73986325,99.85,74098025,36873612,37224413,72466919,97.8,73957797,28528,0.04,1274864,701400,0,0,0,0,0,0,0,,0,,0,0,0,0,,0,0,,0,0
43,MVZ-193722,98222544,97546739,0,675805,11896537,11896537,97868652,99.64,97192847,99.64,97546739,48710536,48836203,94738298,97.12,97158395,34452,0.04,2148570,1296977,0,0,0,0,0,0,0,,0,,0,0,0,0,,0,0,,0,0
44,MVZ-196595,58846649,58131389,0,715260,7653876,7653876,58718377,99.78,58003117,99.78,58131389,28876803,29254586,56249549,96.76,57991299,11818,0.02,1526910,938504,0,0,0,0,0,0,0,,0,,0,0,0,0,,0,0,,0,0
45,MVZ-196594,105357410,104723744,0,633666,15038960,15038960,105073064,99.73,104439398,99.73,104723744,52196772,52526972,102512501,97.89,104413976,25422,0.02,1627468,885143,0,0,0,0,0,0,0,,0,,0,0,0,0,,0,0,,0,0
46,MVZ-193641,173136943,172253878,0,883065,22630500,22630500,171940931,99.31,171057866,99.31,172253878,85164289,87089589,168101468,97.59,170943426,114440,0.07,2500728,1203332,0,0,0,0,0,0,0,,0,,0,0,0,0,,0,0,,0,0
47,MVZ-193497,242045088,240707947,0,1337141,30278171,30278171,239977766,99.15,238640625,99.14,240707947,119923250,120784697,234317659,97.35,238472507,168118,0.07,3641804,1815038,0,0,0,0,0,0,0,,0,,0,0,0,0,,0,0,,0,0
48,MVZ-193629,227834311,226569272,0,1265039,33929185,33929185,226319888,99.34,225054849,99.33,226569272,112600765,113968507,220801254,97.45,224895994,158855,0.07,3605860,1835193,0,0,0,0,0,0,0,,0,,0,0,0,0,,0,0,,0,0
49,MLZ68995A,137614196,137075518,0,538678,11138572,11138572,137232982,99.72,136694304,99.72,137075518,68549937,68525581,134712744,98.28,136601380,92924,0.07,1431536,612898,0,0,0,0,0,0,0,,0,,0,0,0,0,,0,0,,0,0
50,MLZ70247A,135755402,135181706,0,573696,11000934,11000934,134959083,99.41,134385387,99.41,135181706,67600541,67581165,132080470,97.71,134292790,92597,0.07,1745772,818287,0,0,0,0,0,0,0,,0,,0,0,0,0,,0,0,,0,0
51,MVZ177567A,259264600,258131962,0,1132638,14666342,14666342,258695284,99.78,257562646,99.78,258131962,129079966,129051996,253427541,98.18,257401450,161196,0.06,3123172,1601810,0,0,0,0,0,0,0,,0,,0,0,0,0,,0,0,,0,0
52,MVZ177580A,194124916,193265779,0,859137,11386685,11386685,193589195,99.72,192730058,99.72,193265779,96643579,96622200,189376707,97.99,192611121,118937,0.06,2573972,1322059,0,0,0,0,0,0,0,,0,,0,0,0,0,,0,0,,0,0
53,MVZ177581A,204454377,203406020,0,1048357,11608996,11608996,204044763,99.8,202996406,99.8,203406020,101714134,101691886,199148420,97.91,202872500,123906,0.06,2945500,1463648,0,0,0,0,0,0,0,,0,,0,0,0,0,,0,0,,0,0
54,MVZ177584A,134200152,133727708,0,472444,10019836,10019836,133831137,99.73,133358693,99.72,133727708,66872309,66855399,131476013,98.32,133283038,75655,0.06,1412988,705094,0,0,0,0,0,0,0,,0,,0,0,0,0,,0,0,,0,0
55,MVZ178454A,135613365,135061564,0,551801,8737138,8737138,135351161,99.81,134799360,99.81,135061564,67540298,67521266,132642122,98.21,134721976,77384,0.06,1617538,843880,0,0,0,0,0,0,0,,0,,0,0,0,0,,0,0,,0,0
56,MVZ178459A,135040779,134536362,0,504417,8557743,8557743,134650633,99.71,134146216,99.71,134536362,67280108,67256254,132238212,98.29,134062662,83554,0.06,1431656,748823,0,0,0,0,0,0,0,,0,,0,0,0,0,,0,0,,0,0
57,MVZ179097A,286995230,285335812,0,1659418,15077226,15077226,286227409,99.73,284567991,99.73,285335812,142685403,142650409,278592375,97.64,284373760,194231,0.07,4730510,2331827,0,0,0,0,0,0,0,,0,,0,0,0,0,,0,0,,0,0
58,MVZ179571A,212781250,211686647,0,1094603,10563024,10563024,212213991,99.73,211119388,99.73,211686647,105856243,105830404,207288242,97.92,210986587,132801,0.06,2937614,1436703,0,0,0,0,0,0,0,,0,,0,0,0,0,,0,0,,0,0
59,MVZ193675A,254759093,253454340,0,1304753,12800349,12800349,254081376,99.73,252776623,99.73,253454340,126738584,126715756,247437787,97.63,252621532,155091,0.06,4276586,2441107,0,0,0,0,0,0,0,,0,,0,0,0,0,,0,0,,0,0
60,MVZ193679A,178020363,177291682,0,728681,12361358,12361358,177515049,99.72,176786368,99.71,177291682,88654018,88637664,174130776,98.22,176676548,109820,0.06,1992020,941843,0,0,0,0,0,0,0,,0,,0,0,0,0,,0,0,,0,0
61,MVZ193723A,145711134,145084732,0,626402,9922125,9922125,145396598,99.78,144770196,99.78,145084732,72551231,72533501,142334917,98.1,144685868,84328,0.06,1859202,911668,0,0,0,0,0,0,0,,0,,0,0,0,0,,0,0,,0,0
62,MVZ193742A,234217373,233327872,0,889501,16316224,16316224,233461778,99.68,232572277,99.68,233327872,116677383,116650489,229534253,98.37,232414126,158151,0.07,2221916,1018097,0,0,0,0,0,0,0,,0,,0,0,0,0,,0,0,,0,0
63,MVZ194938A,136081574,135553509,0,528065,9449388,9449388,135804502,99.8,135276437,99.8,135553509,67784024,67769485,133061370,98.16,135202039,74398,0.05,1710622,940964,0,0,0,0,0,0,0,,0,,0,0,0,0,,0,0,,0,0
64,MVZ195718A,153524177,152997858,0,526319,10336205,10336205,153075744,99.71,152549425,99.71,152997858,76505055,76492803,150414042,98.31,152462494,86931,0.06,1595988,842643,0,0,0,0,0,0,0,,0,,0,0,0,0,,0,0,,0,0
65,MVZ195719A,133264038,132834017,0,430021,11224159,11224159,133009312,99.81,132579291,99.81,132834017,66423216,66410801,130952493,98.58,132505451,73840,0.06,1195622,573576,0,0,0,0,0,0,0,,0,,0,0,0,0,,0,0,,0,0
66,MVZ195824A,135183812,134652529,0,531283,9667654,9667654,134806850,99.72,134275567,99.72,134652529,67335441,67317088,132161104,98.15,134197213,78354,0.06,1589268,751911,0,0,0,0,0,0,0,,0,,0,0,0,0,,0,0,,0,0
67,MVZ195825A,137805693,137353017,0,452676,11707411,11707411,137355862,99.67,136903186,99.67,137353017,68684132,68668885,135077541,98.34,136808487,94699,0.07,1355346,659199,0,0,0,0,0,0,0,,0,,0,0,0,0,,0,0,,0,0
68,MVZ195826A,137879611,137416938,0,462673,10577496,10577496,137496689,99.72,137034016,99.72,137416938,68715192,68701746,135177162,98.37,136959764,74252,0.05,1400816,740486,0,0,0,0,0,0,0,,0,,0,0,0,0,,0,0,,0,0
69,UWBM107261A,188427160,187733099,0,694061,29910946,29910946,188061322,99.81,187367261,99.81,187733099,93881036,93852063,184337436,98.19,187260425,106836,0.06,2301324,1144681,0,0,0,0,0,0,0,,0,,0,0,0,0,,0,0,,0,0
70,UWBM107528A,140041241,139496370,0,544871,20272215,20272215,139480562,99.6,138935691,99.6,139496370,69759605,69736765,136757266,98.04,138848858,86833,0.06,1597598,655207,0,0,0,0,0,0,0,,0,,0,0,0,0,,0,0,,0,0
71,UWBM124123A,132898317,132381588,0,516729,19607124,19607124,132657295,99.82,132140566,99.82,132381588,66201720,66179868,129991436,98.19,132064540,76026,0.06,1602600,694794,0,0,0,0,0,0,0,,0,,0,0,0,0,,0,0,,0,0
72,UWBM124563A,162358043,161716442,0,641601,21778010,21778010,161033343,99.18,160391742,99.18,161716442,80873521,80842921,157713760,97.52,160198204,193538,0.12,1954394,938634,0,0,0,0,0,0,0,,0,,0,0,0,0,,0,0,,0,0
73,UWBM124665A,215595866,214595974,0,999892,25924123,25924123,214738598,99.6,213738706,99.6,214595974,107318887,107277087,209923663,97.82,213574166,164540,0.08,2879156,1320015,0,0,0,0,0,0,0,,0,,0,0,0,0,,0,0,,0,0
74,UWBM125034A,176073899,175283545,0,790354,21225889,21225889,175471020,99.66,174680666,99.66,175283545,87654979,87628566,171470088,97.82,174576449,104217,0.06,2445914,1116181,0,0,0,0,0,0,0,,0,,0,0,0,0,,0,0,,0,0
75,UWBM125069A,132724469,132188308,0,536161,17411555,17411555,132367144,99.73,131830983,99.73,132188308,66106811,66081497,129677023,98.1,131751040,79943,0.06,1647316,721444,0,0,0,0,0,0,0,,0,,0,0,0,0,,0,0,,0,0
76,UWBM125386A,316897077,315294871,0,1602206,31366093,31366093,316059225,99.74,314457019,99.73,315294871,157680258,157614613,309093048,98.03,314253809,203210,0.06,4026468,1670602,0,0,0,0,0,0,0,,0,,0,0,0,0,,0,0,,0,0
77,UWBM126863A,137295857,136773678,0,522179,9474594,9474594,136776672,99.62,136254493,99.62,136773678,68398636,68375042,133741570,97.78,136179496,74997,0.05,2011672,1047746,0,0,0,0,0,0,0,,0,,0,0,0,0,,0,0,,0,0
78,UWBM127042A,144733402,144138133,0,595269,10807468,10807468,144487601,99.83,143892332,99.83,144138133,72081490,72056643,141228406,97.98,143815097,77235,0.05,1997034,973369,0,0,0,0,0,0,0,,0,,0,0,0,0,,0,0,,0,0
79,UWBM46816A,139156994,138634350,0,522644,19345021,19345021,138736198,99.7,138213554,99.7,138634350,69330549,69303801,136321237,98.33,138116894,96660,0.07,1363370,605016,0,0,0,0,0,0,0,,0,,0,0,0,0,,0,0,,0,0
80,UWBM46824A,149272069,148685014,0,587055,22545890,22545890,148781525,99.67,148194470,99.67,148685014,74354713,74330301,146160038,98.3,148089296,105174,0.07,1457630,734515,0,0,0,0,0,0,0,,0,,0,0,0,0,,0,0,,0,0
81,UWBM58664A,153477777,152859906,0,617871,20073008,20073008,152748624,99.52,152130753,99.52,152859906,76437791,76422115,149871031,98.04,152036354,94399,0.06,1674442,761582,0,0,0,0,0,0,0,,0,,0,0,0,0,,0,0,,0,0
